timestamp,meter_kw,meter_kwh_cumul,volts_an,volts_bn,volts_cn,amps_a
2026-02-22 05:00,-12.017,92344017.0,13578.0,13581.3,13531.7,0.418
2026-02-22 05:15,-12.1233,92344013.0,13572.7,13585.0,13527.7,0.415667
2026-02-22 05:30,-12.0697,92344010.0,13569.3,13572.3,13515.7,0.418
2026-02-22 05:45,-11.9753,92344008.0,13569.0,13569.7,13522.0,0.417333
2026-02-22 06:00,-12.062,92344004.0,13567.0,13575.3,13523.0,0.418
2026-02-22 06:15,-12.0913,92344001.0,13565.0,13566.0,13527.7,0.417333
2026-02-22 06:30,-12.078,92343998.0,13554.3,13561.7,13519.0,0.418
2026-02-22 06:45,-11.863,92343995.0,13556.7,13555.0,13511.7,0.416667
2026-02-22 07:00,-12.605,92343992.0,13564.3,13565.0,13517.7,0.472333
2026-02-22 07:15,16.332,92343997.0,13559.3,13569.3,13515.0,1.964
2026-02-22 07:30,28.8223,92344004.0,13542.3,13553.7,13501.0,2.53033
2026-02-22 07:45,41.885,92344015.0,13525.7,13517.0,13470.3,2.962
2026-02-22 08:00,83.197,92344036.0,13509.0,13507.3,13463.3,3.55867
2026-02-22 08:15,249.718,92344099.0,13534.3,13539.0,13486.3,7.19767
2026-02-22 08:30,427.431,92344211.0,13547.0,13548.7,13490.0,11.3797
2026-02-22 08:45,563.021,92344350.0,13566.0,13557.3,13503.3,14.5563
2026-02-22 09:00,259.849,92344415.0,13539.0,13541.3,13478.7,7.35233
2026-02-22 09:15,492.595,92344546.0,13541.3,13534.7,13483.3,12.865
2026-02-22 09:30,1307.47,92344878.0,13577.0,13557.3,13502.3,32.748
2026-02-22 09:45,1276.83,92345196.0,13570.3,13553.7,13501.3,32.024
2026-02-22 10:00,2115.23,92345731.0,13588.3,13572.3,13522.7,52.515
2026-02-22 10:15,2240.91,92346302.0,13581.0,13578.7,13542.7,55.5557
2026-02-22 10:30,4424.04,92347409.0,13616.7,13597.3,13567.0,108.914
2026-02-22 10:45,3888.84,92348398.0,13612.3,13595.0,13559.0,95.8503
2026-02-27 05:00,-11.938,92581054.0,13564.3,13564.0,13520.7,0.418667
2026-02-27 05:15,-11.873,92581052.0,13542.7,13536.3,13488.7,0.417667
2026-02-27 05:30,-11.9447,92581048.0,13523.3,13517.3,13466.3,0.416333
2026-02-27 05:45,-11.9357,92581046.0,13532.0,13520.3,13470.7,0.419333
2026-02-27 06:00,-11.8693,92581042.0,13534.7,13534.0,13474.7,0.418
2026-02-27 06:15,-12.04,92581040.0,13556.3,13556.0,13506.3,0.418
2026-02-27 06:30,-11.9433,92581037.0,13520.3,13529.3,13472.3,0.419333
2026-02-27 06:45,-11.7603,92581034.0,13504.0,13534.7,13469.7,0.421667
2026-02-27 07:00,-11.7033,92581031.0,13511.7,13528.7,13462.7,0.425
2026-02-27 07:15,12.9507,92581034.0,13509.3,13526.0,13445.0,2.15533
2026-02-27 07:30,28.3343,92581041.0,13504.7,13526.7,13451.3,2.33667
2026-02-27 07:45,59.7787,92581056.0,13512.0,13547.3,13476.0,2.82933
2026-02-27 08:00,76.2273,92581076.0,13538.7,13574.3,13475.3,3.16833
2026-02-27 08:15,133.785,92581110.0,13547.3,13575.3,13481.3,4.38733
2026-02-27 08:30,119.494,92581140.0,13532.0,13563.0,13480.7,4.04967
2026-02-27 08:45,159.407,92581180.0,13539.7,13570.3,13488.7,4.932
2026-02-27 09:00,287.702,92581253.0,13545.0,13571.7,13504.0,7.861
2026-02-27 09:15,376.279,92581348.0,13549.7,13572.3,13490.7,9.995
2026-02-27 09:30,309.695,92581424.0,13544.0,13569.0,13481.7,8.407
2026-02-27 09:45,249.643,92581487.0,13542.3,13567.3,13486.0,6.96933
2026-02-27 10:00,417.49,92581593.0,13548.7,13571.3,13486.3,10.969
2026-02-27 10:15,841.048,92581807.0,13553.3,13581.3,13483.0,21.3083
2026-02-27 10:30,1142.57,92582096.0,13558.0,13569.0,13484.3,28.7187
2026-02-27 10:45,1912.01,92582578.0,13566.0,13577.7,13499.7,47.542
2026-03-01 05:00,-12.0227,92609370.0,13523.0,13508.0,13475.7,0.428333
2026-03-01 05:15,-12.0143,92609367.0,13515.0,13487.7,13465.7,0.431667
2026-03-01 05:30,-11.9467,92609364.0,13491.7,13476.7,13450.0,0.428333
2026-03-01 05:45,-12.0027,92609361.0,13516.0,13507.7,13470.3,0.428667
2026-03-01 06:00,-12.0193,92609358.0,13516.0,13516.7,13476.3,0.428667
2026-03-01 06:15,-12.029,92609355.0,13512.3,13516.7,13469.7,0.428333
2026-03-01 06:30,-10.4133,92609352.0,13570.3,13564.0,13533.0,0.603
2026-03-01 06:45,65.7567,92609370.0,13577.7,13584.0,13538.0,3.036
2026-03-01 07:00,306.012,92609449.0,13594.0,13594.3,13556.0,8.423
2026-03-01 07:15,799.722,92609655.0,13607.3,13612.0,13570.0,20.2313
2026-03-01 07:30,1884.38,92610139.0,13611.7,13598.3,13570.7,46.734
2026-03-01 07:45,3532.7,92611036.0,13629.3,13621.3,13588.7,86.9247
2026-03-01 08:00,4697.68,92612218.0,13642.7,13657.0,13617.3,115.237
2026-03-01 08:15,5969.97,92613725.0,13656.3,13648.7,13635.0,146.257
2026-03-01 08:30,8548.79,92615886.0,13681.3,13672.0,13684.0,208.802
2026-03-01 08:45,9785.01,92618334.0,13684.0,13685.0,13684.3,238.955
2026-03-01 09:00,9899.61,92620810.0,13672.0,13675.7,13650.0,242.068
2026-03-01 09:15,9936.62,92623294.0,13571.7,13587.3,13542.3,244.7
2026-03-01 09:30,9941.12,92625779.0,13575.7,13593.0,13542.0,244.79
2026-03-01 09:45,9930.4,92628262.0,13610.3,13608.3,13576.0,244.015
2026-03-01 10:00,9922.7,92630742.0,13621.0,13612.0,13585.7,243.696
2026-03-01 10:15,9874.66,92633177.0,13640.3,13614.7,13596.0,242.299
2026-03-01 10:30,9823.27,92635666.0,13670.7,13643.7,13613.0,240.615
2026-03-01 10:45,9790.41,92638113.0,13680.3,13655.7,13615.3,239.682
2026-03-04 05:00,-12.0933,92762405.0,13572.3,13536.0,13529.0,0.429
2026-03-04 05:15,-12.0217,92762402.0,13540.3,13507.0,13494.3,0.426667
2026-03-04 05:30,-12.0723,92762399.0,13562.0,13528.7,13519.3,0.428
2026-03-04 05:45,-12.081,92762396.0,13566.3,13542.7,13516.7,0.427333
2026-03-04 06:00,-12.0397,92762392.0,13528.3,13517.7,13493.7,0.428333
2026-03-04 06:15,-11.9873,92762389.0,13524.7,13513.0,13494.3,0.428333
2026-03-04 06:30,-8.48333,92762388.0,13520.0,13528.7,13496.0,0.655667
2026-03-04 06:45,140.921,92762425.0,13553.3,13534.7,13527.0,4.56867
2026-03-04 07:00,588.65,92762579.0,13565.0,13564.0,13526.0,15.0727
2026-03-04 07:15,1440.85,92762946.0,13603.7,13603.0,13575.7,35.857
2026-03-04 07:30,2521.34,92763587.0,13640.0,13632.7,13599.0,62.1607
2026-03-04 07:45,4429.01,92764708.0,13636.3,13623.7,13608.3,108.794
2026-03-04 08:00,6008.91,92766218.0,13651.0,13651.3,13620.3,147.296
2026-03-04 08:15,7450.63,92768098.0,13667.3,13664.7,13639.3,182.348
2026-03-04 08:30,7741.51,92770036.0,13662.0,13676.7,13635.3,189.444
2026-03-04 08:45,8930.61,92772274.0,13681.3,13690.7,13649.7,218.253
2026-03-04 09:00,9113.2,92774552.0,13676.7,13689.0,13642.0,222.788
2026-03-04 09:15,9113.69,92776831.0,13665.3,13668.3,13626.3,223.038
2026-03-04 09:30,9394.35,92779181.0,13598.0,13605.0,13567.3,231.0
2026-03-04 09:45,9549.71,92781566.0,13606.3,13586.7,13562.3,234.909
2026-03-04 10:00,8412.11,92783663.0,13606.7,13589.7,13568.7,206.872
2026-03-04 10:15,9119.39,92785937.0,13601.7,13591.7,13560.3,224.301
2026-03-04 10:30,9386.83,92788306.0,13600.0,13586.0,13561.0,230.935
2026-03-04 10:45,9596.4,92790706.0,13600.3,13583.0,13568.0,236.114
2026-03-05 05:00,-12.041,92845674.0,13561.7,13563.0,13512.3,0.417667
2026-03-05 05:15,-12.057,92845671.0,13552.3,13548.3,13503.3,0.416333
2026-03-05 05:30,-11.8947,92845668.0,13527.7,13520.0,13471.0,0.417667
2026-03-05 05:45,-11.9837,92845665.0,13540.0,13518.3,13485.3,0.417667
2026-03-05 06:00,-11.9863,92845662.0,13520.3,13506.0,13462.0,0.418333
2026-03-05 06:15,-11.8963,92845659.0,13551.0,13548.0,13491.7,0.419333
2026-03-05 06:30,0.472333,92845660.0,13561.7,13559.3,13503.0,0.934333
2026-03-05 06:45,107.966,92845688.0,13541.3,13554.7,13498.3,3.55867
2026-03-05 07:00,331.964,92845774.0,13521.3,13544.0,13474.0,8.77467
2026-03-05 07:15,632.73,92845934.0,13523.3,13549.0,13481.0,16.1283
2026-03-05 07:30,1240.36,92846250.0,13546.0,13558.7,13480.3,31.0763
2026-03-05 07:45,2432.98,92846868.0,13562.3,13570.3,13514.7,60.2993
2026-03-05 08:00,3521.96,92847773.0,13583.7,13593.0,13532.3,86.9393
2026-03-05 08:15,6226.2,92849347.0,13673.3,13695.3,13636.3,152.361
2026-03-05 08:30,7608.1,92851247.0,13669.3,13689.3,13639.3,186.097
2026-03-05 08:45,6577.36,92852891.0,13656.7,13682.7,13621.7,161.078
2026-03-05 09:00,6565.43,92854555.0,13656.7,13683.0,13610.7,160.831
2026-03-05 09:15,8503.36,92856692.0,13658.7,13678.7,13614.3,208.203
2026-03-05 09:30,8145.02,92858726.0,13648.3,13658.0,13583.3,199.747
2026-03-05 09:45,8864.12,92860946.0,13595.3,13592.0,13541.0,218.146
2026-03-05 10:00,9468.36,92863306.0,13587.0,13578.0,13537.3,233.206
2026-03-05 10:15,8175.74,92865239.0,11825.7,11824.3,11787.0,201.445
2026-03-05 10:30,0.31,92865239.0,13353.3,13347.3,13278.0,0.104667
2026-03-05 10:45,0.316333,92865239.0,13526.0,13526.7,13439.3,0.106333
2026-03-06 05:00,-11.982,92909108.0,13579.3,13558.3,13520.7,0.418
2026-03-06 05:15,-11.979,92909105.0,13575.7,13556.7,13518.0,0.417667
2026-03-06 05:30,-12.0063,92909102.0,13593.0,13571.3,13529.7,0.418333
2026-03-06 05:45,-11.9773,92909099.0,13589.3,13563.3,13511.3,0.417333
2026-03-06 06:00,-11.9033,92909096.0,13546.0,13525.7,13472.7,0.415333
2026-03-06 06:15,-11.9527,92909093.0,13591.0,13579.0,13523.3,0.418667
2026-03-06 06:30,-11.883,92909090.0,13617.7,13615.3,13549.0,0.42
2026-03-06 06:45,6.96067,92909092.0,13602.3,13606.3,13541.7,1.18533
2026-03-06 07:00,86.9663,92909115.0,13576.7,13574.3,13517.7,2.89367
2026-03-06 07:15,262.301,92909183.0,13580.7,13587.7,13516.3,7.05167
2026-03-06 07:30,449.357,92909297.0,13587.0,13580.0,13525.7,11.5653
2026-03-06 07:45,705.749,92909475.0,13587.7,13579.3,13522.3,17.8623
2026-03-06 08:00,859.05,92909691.0,13590.0,13582.7,13535.0,21.6443
2026-03-06 08:15,893.745,92909914.0,13591.7,13579.7,13522.7,22.5177
2026-03-06 08:30,839.406,92910124.0,13585.0,13588.0,13523.0,21.1797
2026-03-06 08:45,1025.63,92910382.0,13584.3,13588.0,13517.3,25.751
2026-03-06 09:00,1437.11,92910747.0,13575.0,13586.7,13516.7,35.8903
2026-03-06 09:15,1665.66,92911164.0,13562.7,13574.3,13510.7,41.5353
2026-03-06 09:30,1745.2,92911602.0,13564.3,13573.0,13505.7,43.4943
2026-03-06 09:45,2017.57,92912108.0,13566.7,13569.7,13504.0,50.184
2026-03-06 10:00,2776.9,92912809.0,13552.3,13552.0,13485.3,68.9157
2026-03-06 10:15,3227.43,92913623.0,13559.0,13562.7,13503.3,79.9377
2026-03-06 10:30,4518.62,92914776.0,13657.3,13654.3,13594.0,111.012
2026-03-06 10:45,7679.5,92916701.0,13654.3,13635.0,13584.3,188.402
2026-03-27 05:00,-12.025,94432035.0,13603.0,13582.0,13551.7,0.418
2026-03-27 05:15,-12.0023,94432032.0,13588.3,13570.0,13539.3,0.418333
2026-03-27 05:30,-11.958,94432029.0,13573.3,13547.7,13519.0,0.417667
2026-03-27 05:45,-11.935,94432026.0,13566.0,13545.3,13503.0,0.416667
2026-03-27 06:00,-11.88,94432023.0,13537.3,13520.3,13481.7,0.417667
2026-03-27 06:15,-11.8993,94432020.0,13554.0,13525.7,13489.7,0.418333
2026-03-27 06:30,-11.884,94432017.0,13543.0,13516.0,13487.7,0.421333
2026-03-27 06:45,-11.8583,94432014.0,13546.7,13523.3,13496.0,0.424333
2026-03-27 07:00,-11.7673,94432011.0,13575.0,13554.3,13523.3,0.423333
2026-03-27 07:15,63.4047,94432029.0,13587.7,13581.3,13529.7,2.94433
2026-03-27 07:30,452.141,94432148.0,13594.3,13579.7,13537.7,11.7917
2026-03-27 07:45,1292.62,94432479.0,13603.3,13592.7,13546.3,32.2627
2026-03-27 08:00,2513.83,94433118.0,13613.7,13602.0,13559.7,62.1143
2026-03-27 08:15,3887.62,94434103.0,13611.7,13606.0,13558.0,95.755
2026-03-27 08:30,5626.62,94435523.0,13621.3,13626.0,13576.7,138.278
2026-03-27 08:45,7342.63,94437373.0,13612.0,13607.0,13562.0,180.525
2026-03-27 09:00,8911.68,94439611.0,13600.7,13584.7,13558.7,219.284
2026-03-27 09:15,9551.3,94442002.0,13609.7,13596.7,13574.3,234.732
2026-03-27 09:30,9787.97,94444449.0,13609.7,13588.3,13576.0,240.588
2026-03-27 09:45,9867.6,94446916.0,13585.0,13575.7,13550.3,242.928
2026-03-27 10:00,9862.2,94449382.0,13576.0,13558.3,13549.3,242.906
2026-03-27 10:15,9866.96,94451848.0,13574.7,13553.3,13543.7,243.142
2026-03-27 10:30,9837.69,94454307.0,13623.0,13605.7,13583.0,241.579
2026-03-27 10:45,9800.04,94456758.0,13618.0,13597.0,13583.7,240.718
2026-03-30 05:00,-12.131,94702555.0,13578.3,13571.7,13541.0,0.429333
2026-03-30 05:15,-12.1477,94702552.0,13599.7,13578.7,13548.0,0.424333
2026-03-30 05:30,-12.0633,94702549.0,13551.0,13536.0,13510.3,0.425667
2026-03-30 05:45,-12.019,94702546.0,13532.3,13517.3,13490.0,0.427667
2026-03-30 06:00,-11.9987,94702543.0,13519.0,13503.7,13490.7,0.427667
2026-03-30 06:15,-12.0333,94702540.0,13527.0,13524.7,13491.3,0.427
2026-03-30 06:30,-12.005,94702537.0,13517.0,13511.3,13477.0,0.427667
2026-03-30 06:45,-11.897,94702534.0,13531.0,13518.7,13475.3,0.426
2026-03-30 07:00,10.183,94702538.0,13546.0,13538.3,13505.3,1.288
2026-03-30 07:15,223.224,94702596.0,13562.0,13551.7,13511.3,6.43733
2026-03-30 07:30,593.297,94702749.0,13568.0,13551.3,13528.0,15.194
2026-03-30 07:45,1945.7,94703251.0,13616.0,13613.0,13567.7,48.181
2026-03-30 08:00,2596.76,94703898.0,13635.7,13620.7,13603.7,64.001
2026-03-30 08:15,2529.96,94704539.0,13621.3,13617.0,13583.7,62.428
2026-03-30 08:30,4530.66,94705690.0,13665.0,13665.7,13623.3,111.049
2026-03-30 08:45,4803.99,94706892.0,13677.7,13688.3,13633.3,117.624
2026-03-30 09:00,5965.34,94708384.0,13684.0,13681.7,13629.3,145.952
2026-03-30 09:15,5428.11,94709733.0,13676.3,13681.7,13620.3,132.931
2026-03-30 09:30,5047.15,94711001.0,13670.7,13664.0,13629.3,123.658
2026-03-30 09:45,6538.72,94712648.0,13689.7,13681.7,13660.0,159.805
2026-03-30 10:00,7642.91,94714566.0,13691.3,13683.3,13658.7,186.726
2026-03-30 10:15,8390.92,94716679.0,13688.7,13695.7,13665.7,204.917
2026-03-30 10:30,9966.74,94719171.0,13601.3,13600.0,13583.7,245.003
2026-03-30 10:45,9941.59,94721656.0,13622.3,13613.3,13606.3,244.02
2026-03-31 05:00,-12.1433,94765716.0,13635.0,13594.3,13580.7,0.415
2026-03-31 05:15,-12.1483,94765713.0,13612.7,13577.0,13562.0,0.417333
2026-03-31 05:30,-11.9917,94765710.0,13590.3,13545.3,13536.0,0.418333
2026-03-31 05:45,-11.9,94765707.0,13553.3,13505.3,13499.7,0.416667
2026-03-31 06:00,-12.0123,94765704.0,13558.0,13523.3,13504.0,0.417667
2026-03-31 06:15,-11.9953,94765701.0,13544.3,13516.3,13481.0,0.417
2026-03-31 06:30,-11.9087,94765698.0,13548.3,13520.3,13496.7,0.416333
2026-03-31 06:45,-11.8257,94765695.0,13572.3,13547.7,13510.0,0.418667
2026-03-31 07:00,6.48667,94765698.0,13566.3,13553.7,13509.0,1.01333
2026-03-31 07:15,164.492,94765741.0,13555.3,13533.7,13502.0,4.924
2026-03-31 07:30,646.227,94765908.0,13573.3,13554.3,13515.7,16.464
2026-03-31 07:45,1495.43,94766291.0,13593.7,13583.0,13545.7,37.165
2026-03-31 08:00,2550.9,94766937.0,13620.3,13599.7,13573.7,62.9477
2026-03-31 08:15,3760.36,94767888.0,13635.7,13611.3,13591.7,92.472
2026-03-31 08:30,5444.65,94769275.0,13697.0,13672.0,13667.7,133.103
2026-03-31 08:45,8286.44,94771359.0,13699.3,13685.7,13688.0,202.25
2026-03-31 09:00,9364.67,94773704.0,13704.3,13683.7,13690.0,228.506
2026-03-31 09:15,9737.61,94776141.0,13574.7,13545.3,13550.0,240.025
2026-03-31 09:30,9838.32,94778601.0,13576.0,13549.3,13537.7,242.525
2026-03-31 09:45,9860.01,94781066.0,13589.7,13568.3,13551.3,242.738
2026-03-31 10:00,9891.98,94783539.0,13588.7,13575.3,13547.3,243.482
2026-03-31 10:15,7808.6,94785465.0,13588.0,13560.0,13546.0,192.329
2026-03-31 10:30,7167.86,94787244.0,13695.0,13682.7,13665.0,175.111
2026-03-31 10:45,7588.97,94789179.0,13703.0,13697.0,13673.0,185.22
2026-04-01 05:00,-12.055,94843024.0,13625.0,13585.7,13574.0,0.407333
2026-04-01 05:15,-11.982,94843021.0,13598.0,13554.0,13539.3,0.406667
2026-04-01 05:30,-11.942,94843018.0,13584.3,13536.3,13521.3,0.408333
2026-04-01 05:45,-11.9143,94843015.0,13562.3,13525.3,13501.0,0.407
2026-04-01 06:00,-11.8697,94843012.0,13549.7,13507.7,13478.3,0.406667
2026-04-01 06:15,-11.8853,94843009.0,13546.7,13513.0,13487.0,0.416667
2026-04-01 06:30,-11.4727,94843006.0,13563.7,13533.0,13495.7,0.416667
2026-04-01 06:45,-11.3457,94843003.0,13577.7,13543.3,13506.7,0.415333
2026-04-01 07:00,18.896,94843008.0,13576.0,13544.7,13517.7,1.376
2026-04-01 07:15,233.742,94843070.0,13586.3,13545.3,13524.0,6.51567
2026-04-01 07:30,742.695,94843261.0,13575.7,13537.7,13517.0,18.8237
2026-04-01 07:45,1488.8,94843640.0,13572.0,13541.0,13530.0,37.0947
2026-04-01 08:00,2424.69,94844257.0,13561.3,13545.3,13519.3,60.12
2026-04-01 08:15,4188.05,94845316.0,13574.7,13554.0,13540.0,103.345
2026-04-01 08:30,5589.82,94846728.0,13705.3,13691.3,13679.7,136.498
2026-04-01 08:45,7844.14,94848700.0,13722.7,13698.3,13698.3,191.251
2026-04-01 09:00,8920.04,94850935.0,13589.7,13563.3,13571.7,219.504
2026-04-01 09:15,9424.2,94853295.0,13577.3,13544.7,13546.0,232.292
2026-04-01 09:30,9643.26,94855701.0,13573.0,13546.0,13551.3,237.66
2026-04-01 09:45,6210.53,94857228.0,13598.7,13574.3,13560.0,152.877
2026-04-01 10:00,4936.21,94858442.0,13683.3,13674.3,13644.3,120.86
2026-04-01 10:15,3539.11,94859332.0,13652.7,13640.0,13619.3,86.9673
2026-04-01 10:30,4275.47,94860401.0,13651.0,13631.7,13617.3,104.957
2026-04-01 10:45,6307.81,94862005.0,13649.0,13619.0,13624.3,154.664
2026-04-02 05:00,-11.5533,94926371.0,13620.7,13569.3,13567.3,0.415
2026-04-02 05:15,-11.566,94926368.0,13612.3,13568.3,13550.0,0.419
2026-04-02 05:30,-11.5173,94926365.0,13583.7,13539.7,13524.0,0.418333
2026-04-02 05:45,-11.921,94926362.0,13578.0,13534.3,13507.0,0.415
2026-04-02 06:00,-11.878,94926359.0,13549.0,13518.7,13487.0,0.411667
2026-04-02 06:15,-11.8577,94926356.0,13550.0,13514.0,13486.0,0.417667
2026-04-02 06:30,-11.9237,94926353.0,13577.3,13537.3,13518.3,0.417667
2026-04-02 06:45,-11.8413,94926350.0,13607.3,13568.0,13540.3,0.417333
2026-04-02 07:00,3.57133,94926352.0,13587.0,13558.7,13540.0,1.12333
2026-04-02 07:15,193.251,94926403.0,13577.7,13542.3,13527.0,5.55867
2026-04-02 07:30,542.821,94926540.0,13580.0,13535.3,13522.7,13.9653
2026-04-02 07:45,967.132,94926787.0,13575.7,13537.0,13531.7,24.3487
2026-04-02 08:00,2718.47,94927488.0,13593.7,13568.7,13556.3,67.2017
2026-04-02 08:15,4489.23,94928622.0,13693.7,13665.0,13654.3,109.891
2026-04-02 08:30,4065.41,94929616.0,13678.7,13655.3,13639.7,99.64
2026-04-02 08:45,7454.16,94931523.0,13678.7,13648.0,13636.3,182.453
2026-04-02 09:00,8807.73,94933728.0,13603.0,13568.3,13545.3,216.785
2026-04-02 09:15,9146.15,94936018.0,13585.7,13556.0,13530.0,225.345
2026-04-02 09:30,9374.51,94938364.0,13572.7,13528.3,13523.7,231.25
2026-04-02 09:45,9327.43,94940681.0,13610.3,13574.3,13576.0,229.316
2026-04-02 10:00,6618.88,94942340.0,13690.0,13654.7,13657.0,161.858
2026-04-02 10:15,5319.74,94943646.0,13659.0,13629.3,13623.0,130.436
2026-04-02 10:30,5555.8,94945037.0,13669.7,13641.7,13641.0,136.054
2026-04-02 10:45,4367.65,94946130.0,13677.7,13651.0,13636.3,107.038
2026-04-03 05:00,-11.9417,95005417.0,13575.3,13553.3,13520.7,0.41
2026-04-03 05:15,-11.9137,95005414.0,13569.0,13546.0,13512.7,0.408667
2026-04-03 05:30,-11.8893,95005411.0,13553.0,13534.0,13495.7,0.410667
2026-04-03 05:45,-11.7143,95005408.0,13544.0,13521.0,13478.7,0.414
2026-04-03 06:00,-11.422,95005405.0,13542.7,13527.7,13482.7,0.415333
2026-04-03 06:15,-11.3883,95005402.0,13531.3,13511.7,13468.7,0.413
2026-04-03 06:30,-11.3967,95005399.0,13544.0,13524.3,13484.7,0.414333
2026-04-03 06:45,-11.3213,95005397.0,13555.3,13536.3,13492.3,0.412333
2026-04-03 07:00,-9.72033,95005394.0,13540.0,13519.3,13490.7,1.00433
2026-04-03 07:15,91.4487,95005419.0,13538.3,13520.3,13484.7,3.297
2026-04-03 07:30,594.758,95005571.0,13541.7,13521.0,13481.7,15.332
2026-04-03 07:45,2532.08,95006214.0,13548.7,13536.3,13499.3,62.8343
2026-04-03 08:00,412.045,95006304.0,13553.7,13535.7,13493.3,10.8977
2026-04-03 08:15,117.898,95006336.0,13548.7,13529.0,13490.7,4.21267
2026-04-03 08:30,385.321,95006434.0,13537.0,13518.3,13482.0,10.157
2026-04-03 08:45,930.371,95006668.0,13539.3,13524.3,13484.3,23.4803
2026-04-03 09:00,2134.54,95007212.0,13572.3,13551.7,13522.0,52.9703
2026-04-03 09:15,3777.68,95008225.0,13592.3,13570.3,13539.3,93.222
2026-04-03 09:30,6670.05,95009891.0,13587.0,13566.3,13536.0,164.376
2026-04-03 09:45,6848.53,95011577.0,13580.0,13558.3,13535.7,168.815
2026-04-03 10:00,7483.15,95013454.0,13685.3,13654.0,13649.3,182.99
2026-04-03 10:15,3028.59,95014187.0,13665.7,13646.7,13622.3,74.4963
2026-04-03 10:30,5051.69,95015480.0,13682.7,13661.0,13648.0,123.648
2026-04-03 10:45,7407.24,95017310.0,13688.3,13667.3,13639.3,181.162
2026-04-04 05:00,-12.0647,95049409.0,13627.0,13603.7,13572.7,0.406667
2026-04-04 05:15,-12.05,95049406.0,13620.7,13597.0,13570.3,0.413667
2026-04-04 05:30,-12.033,95049403.0,13615.3,13589.0,13566.0,0.409
2026-04-04 05:45,-12.0077,95049400.0,13610.0,13578.7,13558.3,0.412
2026-04-04 06:00,-11.993,95049397.0,13596.0,13568.0,13546.0,0.411333
2026-04-04 06:15,-11.9817,95049394.0,13593.7,13562.7,13540.0,0.413
2026-04-04 06:30,-11.9643,95049391.0,13602.3,13565.3,13547.0,0.418
2026-04-04 06:45,-11.8093,95049388.0,13600.0,13569.0,13550.7,0.417333
2026-04-04 07:00,37.3077,95049398.0,13589.7,13566.0,13546.7,2.18867
2026-04-04 07:15,178.5,95049445.0,13596.3,13563.3,13542.0,5.31967
2026-04-04 07:30,534.502,95049583.0,13589.3,13560.3,13528.7,13.7233
2026-04-04 07:45,1441.87,95049954.0,13571.3,13534.7,13506.0,36.0123
2026-04-04 08:00,2499.68,95050585.0,13591.3,13561.0,13528.3,61.8917
2026-04-04 08:15,3006.73,95051343.0,13585.7,13554.7,13515.7,74.3897
2026-04-04 08:30,5559.75,95052766.0,13586.3,13558.7,13533.7,137.078
2026-04-04 08:45,7945.15,95054766.0,13575.0,13540.7,13520.7,195.979
2026-04-04 09:00,8998.8,95057024.0,13588.0,13544.0,13533.3,221.816
2026-04-04 09:15,9638.89,95059433.0,13584.0,13543.0,13524.0,237.652
2026-04-04 09:30,9779.79,95061879.0,13612.3,13572.7,13555.7,240.619
2026-04-04 09:45,9788.98,95064324.0,13607.3,13555.0,13547.7,241.029
2026-04-04 10:00,9819.21,95066782.0,13580.0,13542.3,13536.0,242.044
2026-04-04 10:15,9570.74,95069154.0,13613.7,13579.0,13573.3,235.302
2026-04-04 10:30,8971.53,95071420.0,13608.7,13573.0,13557.0,220.739
2026-04-04 10:45,7848.95,95073321.0,13591.3,13559.3,13544.0,193.362
2026-04-05 05:00,-12.141,95134154.0,13663.3,13647.7,13615.0,0.412
2026-04-05 05:15,-12.1287,95134151.0,13653.0,13640.0,13606.7,0.417
2026-04-05 05:30,-12.061,95134148.0,13628.7,13606.3,13577.3,0.418333
2026-04-05 05:45,-12.0497,95134145.0,13620.3,13606.7,13572.0,0.416667
2026-04-05 06:00,-12.019,95134142.0,13610.7,13582.7,13559.3,0.418
2026-04-05 06:15,-11.9897,95134139.0,13602.0,13568.0,13546.7,0.417333
2026-04-05 06:30,-11.9483,95134136.0,13596.7,13567.7,13543.7,0.415667
2026-04-05 06:45,-11.816,95134133.0,13610.7,13582.7,13547.0,0.419
2026-04-05 07:00,32.3297,95134142.0,13619.0,13590.7,13553.7,1.822
2026-04-05 07:15,122.329,95134173.0,13590.0,13559.7,13534.0,4.01133
2026-04-05 07:30,236.733,95134234.0,13574.3,13545.7,13506.0,6.64133
2026-04-05 07:45,460.042,95134351.0,13563.3,13537.0,13497.0,11.9843
2026-04-05 08:00,788.415,95134551.0,13556.3,13528.3,13475.0,20.0517
2026-04-05 08:15,1340.24,95134889.0,13573.0,13538.0,13498.7,33.5277
2026-04-05 08:30,2742.52,95135600.0,13581.7,13553.0,13509.7,67.9277
2026-04-05 08:45,6926.05,95137384.0,13579.0,13548.7,13519.0,170.887
2026-04-05 09:00,8489.55,95139525.0,13637.0,13600.0,13582.3,208.448
2026-04-05 09:15,7406.06,95141346.0,13636.7,13599.7,13572.7,181.957
2026-04-05 09:30,8098.01,95143323.0,13631.0,13593.0,13580.0,198.896
2026-04-05 09:45,4454.3,95144482.0,13606.3,13559.3,13552.7,109.837
2026-04-05 10:00,6136.36,95145970.0,13583.7,13540.7,13534.0,151.33
2026-04-05 10:15,5402.62,95147319.0,13578.7,13516.0,13531.0,133.36
2026-04-05 10:30,5944.4,95148831.0,13594.0,13536.0,13540.0,146.536
2026-04-05 10:45,6299.8,95150396.0,13612.3,13555.7,13551.7,155.136
2026-04-07 05:00,-12.1633,95250876.0,13601.7,13587.7,13543.3,0.418
2026-04-07 05:15,-12.1017,95250872.0,13569.3,13558.0,13518.7,0.417333
2026-04-07 05:30,-12.0317,95250869.0,13543.7,13526.0,13486.7,0.418
2026-04-07 05:45,-12.0027,95250866.0,13531.7,13515.3,13481.0,0.418667
2026-04-07 06:00,-11.974,95250863.0,13521.3,13507.3,13461.0,0.416667
2026-04-07 06:15,-12.0263,95250860.0,13545.0,13530.7,13484.7,0.422
2026-04-07 06:30,-12.0377,95250857.0,13560.0,13545.3,13505.7,0.423333
2026-04-07 06:45,-11.4193,95250855.0,13536.3,13519.3,13486.3,0.445
2026-04-07 07:00,84.1817,95250877.0,13527.0,13517.7,13470.7,3.09267
2026-04-07 07:15,345.356,95250966.0,13538.7,13530.3,13474.7,9.26833
2026-04-07 07:30,806.396,95251173.0,13569.0,13564.3,13514.0,20.4383
2026-04-07 07:45,1579.25,95251576.0,13610.7,13606.0,13558.0,39.2697
2026-04-07 08:00,1891.28,95252044.0,13624.0,13619.7,13580.3,46.82
2026-04-07 08:15,1692.99,95252471.0,13615.3,13620.7,13567.7,42.0043
2026-04-07 08:30,2250.38,95253038.0,13627.7,13635.0,13577.7,55.582
2026-04-07 08:45,2614.39,95253693.0,13641.0,13649.0,13593.7,64.417
2026-04-07 09:00,2917.63,95254427.0,13614.0,13616.0,13560.0,71.9853
2026-04-07 09:15,3870.42,95255407.0,13630.0,13643.0,13580.0,95.1903
2026-04-07 09:30,4718.39,95256590.0,13660.3,13664.0,13618.7,115.715
2026-04-07 09:45,4649.96,95257751.0,13666.3,13675.3,13616.7,114.023
2026-04-07 10:00,4640.75,95258914.0,13678.7,13681.0,13638.0,113.692
2026-04-07 10:15,4986.12,95260161.0,13679.7,13667.3,13635.3,122.149
2026-04-07 10:30,5207.94,95261469.0,13644.3,13649.3,13598.0,127.85
2026-04-07 10:45,5831.67,95262926.0,13645.3,13660.3,13606.0,143.019
2026-04-10 05:00,-12.0883,95514044.0,13595.3,13563.0,13535.0,0.417
2026-04-10 05:15,-12.0443,95514041.0,13565.7,13533.7,13512.3,0.422333
2026-04-10 05:30,-12.0027,95514038.0,13548.3,13517.3,13497.7,0.418
2026-04-10 05:45,-12.0967,95514035.0,13586.3,13561.7,13536.0,0.42
2026-04-10 06:00,-12.0157,95514032.0,13541.7,13515.3,13496.7,0.423667
2026-04-10 06:15,-12.1463,95514029.0,13610.7,13582.3,13562.3,0.426
2026-04-10 06:30,-11.9947,95514026.0,13615.7,13590.0,13570.7,0.429
2026-04-10 06:45,20.1803,95514032.0,13617.0,13601.7,13578.0,1.663
2026-04-10 07:00,229.815,95514093.0,13579.3,13560.3,13537.0,6.558
2026-04-10 07:15,890.361,95514324.0,13602.3,13588.7,13538.0,22.433
2026-04-10 07:30,2149.87,95514874.0,13614.0,13606.7,13560.0,53.192
2026-04-10 07:45,3691.75,95515809.0,13658.3,13635.7,13605.7,90.6817
2026-04-10 08:00,5292.65,95517146.0,13649.3,13621.7,13592.3,129.983
2026-04-10 08:15,7065.75,95518929.0,13633.0,13605.7,13584.7,173.524
2026-04-10 08:30,8879.74,95521160.0,13643.0,13622.7,13599.0,217.817
2026-04-10 08:45,9830.07,95523620.0,13645.7,13629.3,13614.7,240.966
2026-04-10 09:00,9861.82,95526086.0,13660.7,13645.3,13632.3,241.403
2026-04-10 09:15,9855.53,95528550.0,13628.3,13602.0,13577.7,242.0
2026-04-10 09:30,9856.23,95531014.0,13618.7,13599.3,13576.7,242.14
2026-04-10 09:45,9819.94,95533468.0,13622.3,13586.3,13570.3,241.3
2026-04-10 10:00,9753.9,95535906.0,13632.0,13597.7,13580.3,239.482
2026-04-10 10:15,9770.27,95538349.0,13626.3,13602.0,13574.0,239.925
2026-04-10 10:30,9744.43,95540785.0,13633.0,13605.7,13572.3,239.232
2026-04-10 10:45,9769.25,95543227.0,13617.7,13596.0,13575.7,240.054
2026-04-11 05:00,-12.21,95614827.0,13647.3,13609.0,13584.3,0.418667
2026-04-11 05:15,-12.2083,95614823.0,13647.3,13609.7,13590.7,0.42
2026-04-11 05:30,-12.1133,95614820.0,13604.0,13565.3,13535.7,0.417
2026-04-11 05:45,-12.094,95614817.0,13591.3,13562.0,13526.7,0.416
2026-04-11 06:00,-12.006,95614814.0,13561.7,13522.0,13497.7,0.417
2026-04-11 06:15,-11.9787,95614811.0,13555.7,13509.7,13487.0,0.418667
2026-04-11 06:30,-10.534,95614809.0,13571.3,13534.3,13504.7,0.623333
2026-04-11 06:45,45.1497,95614821.0,13567.7,13535.0,13500.3,2.62967
2026-04-11 07:00,315.079,95614903.0,13564.7,13519.7,13486.7,8.691
2026-04-11 07:15,872.457,95615126.0,13568.0,13529.7,13498.0,22.0893
2026-04-11 07:30,2032.41,95615646.0,13585.0,13551.0,13503.3,50.5037
2026-04-11 07:45,2866.49,95616364.0,13591.3,13552.0,13517.0,70.9453
2026-04-11 08:00,4732.69,95617574.0,13598.3,13560.0,13539.3,116.695
2026-04-11 08:15,6421.3,95619185.0,13615.7,13587.0,13575.3,157.906
2026-04-11 08:30,8510.09,95621330.0,13627.0,13602.3,13581.3,209.009
2026-04-11 08:45,9605.82,95623728.0,13631.7,13598.7,13587.3,235.879
2026-04-11 09:00,9909.88,95626217.0,13611.0,13581.0,13569.3,243.665
2026-04-11 09:15,9979.57,95628712.0,13612.7,13570.0,13563.7,245.454
2026-04-11 09:30,9987.37,95631210.0,13598.0,13558.7,13553.3,245.866
2026-04-11 09:45,9988.68,95633706.0,13602.7,13551.0,13550.7,245.962
2026-04-11 10:00,9980.41,95636201.0,13599.0,13546.3,13549.0,245.753
2026-04-11 10:15,9985.48,95638697.0,13593.3,13541.3,13536.0,246.1
2026-04-11 10:30,9988.08,95641194.0,13594.0,13542.0,13533.7,246.127
2026-04-11 10:45,9992.17,95643693.0,13602.7,13544.7,13533.7,246.179
2026-04-12 05:00,-11.9747,95716839.0,13609.0,13563.7,13554.3,0.408333
2026-04-12 05:15,-12.061,95716836.0,13600.0,13566.3,13546.3,0.408333
2026-04-12 05:30,-12.043,95716833.0,13584.0,13545.3,13528.0,0.408667
2026-04-12 05:45,-12.077,95716830.0,13593.3,13559.7,13536.3,0.408
2026-04-12 06:00,-12.0033,95716827.0,13611.0,13575.7,13555.3,0.407333
2026-04-12 06:15,-12.019,95716824.0,13607.0,13570.7,13547.3,0.408
2026-04-12 06:30,-11.903,95716821.0,13607.0,13573.7,13551.7,0.407333
2026-04-12 06:45,27.4307,95716828.0,13613.0,13579.7,13558.3,1.81767
2026-04-12 07:00,299.949,95716907.0,13630.7,13589.7,13567.3,8.29967
2026-04-12 07:15,900.879,95717138.0,13600.7,13557.3,13539.0,22.7203
2026-04-12 07:30,1882.8,95717618.0,13599.3,13563.3,13535.0,46.778
2026-04-12 07:45,3308.61,95718459.0,13594.3,13565.7,13530.0,81.76
2026-04-12 08:00,4765.19,95719661.0,13602.0,13573.0,13546.7,117.43
2026-04-12 08:15,6350.79,95721267.0,13602.7,13566.3,13546.7,156.392
2026-04-12 08:30,8036.9,95723289.0,13637.3,13602.3,13584.3,197.34
2026-04-12 08:45,9246.11,95725607.0,13626.7,13579.0,13560.3,227.358
2026-04-12 09:00,9753.37,95728049.0,13610.3,13562.0,13559.0,239.958
2026-04-12 09:15,9934.22,95730533.0,13604.0,13554.3,13552.7,244.561
2026-04-12 09:30,9975.57,95733027.0,13634.0,13588.7,13587.3,244.96
2026-04-12 09:45,9984.9,95735523.0,13680.0,13627.7,13625.3,244.522
2026-04-12 10:00,9988.13,95738020.0,13666.7,13620.0,13614.0,244.787
2026-04-12 10:15,9988.21,95740518.0,13663.0,13613.7,13616.0,244.81
2026-04-12 10:30,9982.46,95743012.0,13659.3,13601.7,13607.3,244.816
2026-04-12 10:45,9989.39,95745510.0,13644.0,13582.3,13585.3,245.345
2026-04-13 05:00,-11.5797,95817975.0,13614.7,13588.7,13570.3,0.409333
2026-04-13 05:15,-11.5163,95817972.0,13601.7,13575.3,13550.7,0.406667
2026-04-13 05:30,-11.5267,95817969.0,13589.3,13552.7,13538.0,0.407333
2026-04-13 05:45,-11.5443,95817966.0,13559.7,13528.0,13515.7,0.405333
2026-04-13 06:00,-11.407,95817963.0,13543.0,13516.7,13495.3,0.406667
2026-04-13 06:15,-11.419,95817961.0,13546.7,13518.3,13505.3,0.414333
2026-04-13 06:30,-9.83467,95817958.0,13589.3,13565.3,13545.3,0.490333
2026-04-13 06:45,82.329,95817980.0,13583.7,13565.3,13530.0,2.923
2026-04-13 07:00,412.854,95818087.0,13558.0,13533.7,13505.0,10.7863
2026-04-13 07:15,1030.06,95818351.0,13556.3,13528.3,13504.3,25.9117
2026-04-13 07:30,2034.54,95818868.0,13561.3,13540.0,13522.0,50.5343
2026-04-13 07:45,3667.54,95819799.0,13580.3,13556.3,13541.3,90.5667
2026-04-13 08:00,4494.25,95820922.0,13657.3,13633.7,13615.7,110.321
2026-04-13 08:15,4472.16,95822044.0,13646.7,13610.0,13606.7,109.894
2026-04-13 08:30,7200.52,95823873.0,13631.7,13598.0,13606.7,176.809
2026-04-13 08:45,8047.42,95825876.0,13614.7,13578.7,13588.3,197.843
2026-04-13 09:00,6822.49,95827611.0,13614.7,13577.0,13595.0,167.787
2026-04-13 09:15,7769.17,95829546.0,13616.3,13586.7,13592.7,190.961
2026-04-13 09:30,9467.25,95831918.0,13596.3,13561.3,13578.7,232.949
2026-04-13 09:45,9758.68,95834349.0,13642.3,13606.7,13616.7,239.358
2026-04-13 10:00,9030.88,95836576.0,13635.3,13600.7,13614.0,221.612
2026-04-13 10:15,7818.0,95838548.0,13650.3,13618.0,13625.0,191.697
2026-04-13 10:30,6654.38,95840219.0,13702.3,13688.0,13677.7,162.538
2026-04-13 10:45,7419.99,95842097.0,13692.3,13672.0,13667.0,181.361
2026-04-14 05:00,-11.456,95897559.0,13574.0,13539.7,13530.3,0.405667
2026-04-14 05:15,-11.4913,95897556.0,13552.7,13523.0,13505.3,0.408
2026-04-14 05:30,-11.4863,95897553.0,13549.0,13528.0,13506.7,0.409333
2026-04-14 05:45,-11.528,95897550.0,13534.0,13507.3,13482.7,0.411333
2026-04-14 06:00,-11.927,95897547.0,13562.3,13547.0,13519.0,0.412333
2026-04-14 06:15,-11.942,95897544.0,13532.7,13517.7,13490.7,0.414
2026-04-14 06:30,-11.3527,95897542.0,13535.7,13526.7,13499.7,0.425667
2026-04-14 06:45,52.2933,95897556.0,13545.7,13534.0,13493.3,2.33567
2026-04-14 07:00,327.976,95897642.0,13537.7,13512.0,13480.7,8.83467
2026-04-14 07:15,1052.88,95897914.0,13540.7,13516.7,13491.7,26.4997
2026-04-14 07:30,2245.02,95898487.0,13555.3,13532.3,13515.3,55.7417
2026-04-14 07:45,3709.81,95899425.0,13551.0,13526.0,13520.7,91.7723
2026-04-14 08:00,5212.83,95900740.0,13678.0,13627.3,13634.0,127.78
2026-04-14 08:15,6952.86,95902495.0,13674.3,13631.3,13634.0,170.335
2026-04-14 08:30,8595.6,95904655.0,13720.3,13679.3,13690.3,209.783
2026-04-14 08:45,9632.79,95907068.0,13605.7,13579.0,13586.7,236.826
2026-04-14 09:00,9894.21,95909542.0,13604.3,13575.0,13585.3,243.236
2026-04-14 09:15,9972.13,95912035.0,13590.0,13555.7,13559.0,245.573
2026-04-14 09:30,9983.27,95914531.0,13575.3,13542.3,13536.3,246.133
2026-04-14 09:45,9985.16,95917027.0,13607.0,13565.3,13565.3,245.61
2026-04-14 10:00,9989.1,95919525.0,13594.3,13554.0,13556.0,245.925
2026-04-14 10:15,9980.13,95922020.0,13599.3,13563.7,13560.3,245.538
2026-04-14 10:30,9983.77,95924516.0,13593.3,13560.7,13567.3,245.663
2026-04-14 10:45,9985.24,95927012.0,13605.0,13563.3,13576.7,245.549
2026-04-15 05:00,-11.3733,96000380.0,13562.0,13508.3,13494.3,0.407
2026-04-15 05:15,-11.611,96000377.0,13553.3,13499.7,13483.3,0.407667
2026-04-15 05:30,-11.7927,96000374.0,13550.7,13502.0,13470.7,0.407333
2026-04-15 05:45,-11.8067,96000371.0,13556.3,13506.3,13480.0,0.408
2026-04-15 06:00,-11.8403,96000369.0,13561.3,13519.7,13489.7,0.409667
2026-04-15 06:15,-11.7867,96000366.0,13550.0,13516.7,13470.7,0.407667
2026-04-15 06:30,-10.555,96000363.0,13568.0,13539.3,13492.0,0.447333
2026-04-15 06:45,86.7113,96000386.0,13576.0,13548.0,13497.7,3.217
2026-04-15 07:00,436.251,96000500.0,13559.7,13525.7,13484.7,11.4237
2026-04-15 07:15,1137.41,96000793.0,13603.7,13568.0,13524.0,28.4813
2026-04-15 07:30,2233.55,96001357.0,13628.3,13590.0,13557.7,55.2407
2026-04-15 07:45,3107.66,96002145.0,13627.0,13598.3,13577.3,76.57
2026-04-15 08:00,3971.17,96003142.0,13656.7,13624.7,13615.3,97.5847
2026-04-15 08:15,4881.77,96004371.0,13628.0,13591.7,13594.0,120.087
2026-04-15 08:30,6745.07,96006072.0,13631.0,13595.3,13601.3,165.701
2026-04-15 08:45,8010.16,96008087.0,13654.3,13614.3,13617.0,196.435
2026-04-15 09:00,8816.09,96010307.0,13679.3,13631.3,13624.3,215.911
2026-04-15 09:15,9689.0,96012729.0,13657.0,13611.3,13611.0,237.533
2026-04-15 09:30,9516.66,96015112.0,13654.3,13601.7,13604.3,233.406
2026-04-15 09:45,9500.7,96017480.0,13624.3,13591.7,13582.0,233.379
2026-04-15 10:00,9311.18,96019811.0,13624.3,13593.0,13588.0,228.682
2026-04-15 10:15,8913.19,96022035.0,13604.3,13583.0,13576.0,219.133
2026-04-15 10:30,9781.01,96024492.0,13577.0,13551.3,13547.3,240.991
2026-04-15 10:45,9986.73,96026989.0,13677.0,13649.0,13646.7,244.282
2026-04-17 05:00,-11.8607,96202417.0,13587.3,13548.0,13502.0,0.406333
2026-04-17 05:15,-11.8797,96202414.0,13591.0,13550.0,13517.7,0.406667
2026-04-17 05:30,-11.839,96202411.0,13578.3,13530.7,13498.0,0.408667
2026-04-17 05:45,-11.811,96202408.0,13561.3,13511.7,13488.7,0.41
2026-04-17 06:00,-11.768,96202405.0,13546.0,13491.0,13466.3,0.413
2026-04-17 06:15,-11.6997,96202402.0,13540.3,13480.0,13448.0,0.414
2026-04-17 06:30,-11.4547,96202399.0,13552.0,13494.7,13468.3,0.414
2026-04-17 06:45,80.136,96202421.0,13576.7,13531.0,13506.7,3.15067
2026-04-17 07:00,439.906,96202536.0,13596.3,13557.3,13514.0,11.49
2026-04-17 07:15,1301.72,96202870.0,13619.7,13567.0,13534.7,32.48
2026-04-17 07:30,2508.99,96203508.0,13602.7,13563.7,13518.3,62.1133
2026-04-17 07:45,3905.75,96204496.0,13705.0,13649.7,13628.7,95.7553
2026-04-17 08:00,5398.12,96205860.0,13694.0,13640.7,13623.7,132.243
2026-04-17 08:15,7169.53,96207668.0,13694.7,13642.0,13628.7,175.497
2026-04-17 08:30,8556.96,96209817.0,13653.0,13592.3,13590.7,210.073
2026-04-17 08:45,9403.34,96212171.0,13640.0,13586.7,13585.3,230.963
2026-04-17 09:00,9688.8,96214596.0,13657.0,13600.0,13586.3,237.822
2026-04-17 09:15,9854.0,96217060.0,13634.0,13562.3,13565.0,242.33
2026-04-17 09:30,9880.21,96219530.0,13640.3,13575.3,13582.7,242.748
2026-04-17 09:45,9876.52,96221999.0,13646.3,13573.7,13573.0,242.657
2026-04-17 10:00,9806.46,96224450.0,13744.3,13687.0,13679.7,239.083
2026-04-17 10:15,9794.55,96226898.0,13730.0,13684.7,13689.7,238.833
2026-04-17 10:30,9622.93,96229298.0,13726.0,13672.7,13686.3,234.775
2026-04-17 10:45,7996.27,96231313.0,13722.3,13661.0,13675.3,195.26
2026-04-18 05:00,-11.5373,96295567.0,13639.0,13594.0,13573.3,0.408
2026-04-18 05:15,-11.5037,96295564.0,13628.0,13576.3,13561.0,0.405
2026-04-18 05:30,-11.489,96295561.0,13631.7,13573.3,13551.7,0.408
2026-04-18 05:45,-11.5087,96295558.0,13627.7,13582.0,13555.7,0.408
2026-04-18 06:00,-11.5227,96295555.0,13636.7,13578.0,13567.7,0.407667
2026-04-18 06:15,-11.4223,96295553.0,13617.3,13557.7,13549.0,0.407333
2026-04-18 06:30,-10.9333,96295550.0,13629.7,13570.0,13555.0,0.409
2026-04-18 06:45,82.6583,96295572.0,13629.0,13579.3,13558.0,3.27967
2026-04-18 07:00,382.611,96295674.0,13630.7,13578.0,13553.3,10.1853
2026-04-18 07:15,1483.06,96296055.0,13637.7,13597.3,13573.0,36.8497
2026-04-18 07:30,2748.46,96296753.0,13628.7,13581.7,13562.0,67.8547
2026-04-18 07:45,4272.11,96297834.0,13615.3,13562.3,13549.3,105.299
2026-04-18 08:00,5784.43,96299293.0,13618.7,13561.0,13557.7,142.372
2026-04-18 08:15,7651.62,96301220.0,13615.0,13550.7,13539.3,188.431
2026-04-18 08:30,9043.4,96303488.0,13588.3,13518.3,13503.0,223.218
2026-04-18 08:45,9600.36,96305891.0,13605.0,13536.7,13526.3,236.618
2026-04-18 09:00,9727.56,96308324.0,13623.0,13552.0,13537.7,239.467
2026-04-18 09:15,9737.35,96310758.0,13601.0,13527.0,13517.3,240.05
2026-04-18 09:30,9735.43,96313191.0,13585.7,13510.3,13498.3,240.29
2026-04-18 09:45,9668.08,96315609.0,13641.0,13563.7,13552.7,237.714
2026-04-18 10:00,9617.55,96318012.0,13636.7,13568.7,13558.0,236.443
2026-04-18 10:15,9566.16,96320403.0,13613.0,13540.7,13533.3,235.618
2026-04-18 10:30,9546.27,96322789.0,13600.0,13513.7,13522.7,235.436
2026-04-18 10:45,9427.3,96325145.0,13722.7,13633.0,13647.0,230.458
2026-04-26 05:00,-11.9947,96999422.0,13629.7,13605.0,13571.3,0.398667
2026-04-26 05:15,-11.9653,96999419.0,13622.7,13591.0,13556.0,0.400667
2026-04-26 05:30,-11.964,96999416.0,13616.0,13581.3,13556.0,0.407
2026-04-26 05:45,-11.989,96999413.0,13618.0,13593.7,13557.0,0.401
2026-04-26 06:00,-11.938,96999410.0,13613.7,13575.7,13539.3,0.402333
2026-04-26 06:15,-11.8833,96999407.0,13606.0,13577.0,13534.3,0.405333
2026-04-26 06:30,-11.762,96999404.0,13597.0,13576.0,13533.7,0.406667
2026-04-26 06:45,-2.25133,96999403.0,13613.7,13593.3,13543.3,0.96
2026-04-26 07:00,-23.348,96999397.0,13604.3,13585.0,13535.3,0.74
2026-04-26 07:15,8.85567,96999400.0,13587.7,13561.3,13519.7,1.41667
2026-04-26 07:30,6.323,96999401.0,13553.7,13527.7,13490.7,1.65933
2026-04-26 07:45,33.1893,96999410.0,13560.3,13534.7,13488.7,1.92167
2026-04-26 08:00,140.882,96999446.0,13542.0,13518.3,13473.0,4.46367
2026-04-26 08:15,233.835,96999506.0,13532.7,13510.7,13464.7,6.64433
2026-04-26 08:30,341.425,96999591.0,13546.3,13526.3,13477.3,9.154
2026-04-26 08:45,253.742,96999655.0,13548.7,13539.7,13488.0,7.078
2026-04-26 09:00,298.6,96999729.0,13543.3,13539.7,13476.3,8.15667
2026-04-26 09:15,555.23,96999872.0,13564.3,13557.0,13498.3,14.3343
2026-04-26 09:30,998.955,97000123.0,13559.7,13552.7,13488.3,25.1943
2026-04-26 09:45,579.972,97000266.0,13554.7,13540.0,13492.0,14.914
2026-04-26 10:00,422.857,97000369.0,13560.3,13545.3,13496.0,11.124
2026-04-26 10:15,593.978,97000523.0,13578.7,13561.0,13518.0,15.239
2026-04-26 10:30,1278.91,97000851.0,13584.3,13563.7,13518.7,32.0083
2026-04-26 10:45,2418.27,97001449.0,13602.0,13582.0,13535.0,59.8667
2026-04-29 05:00,-11.8563,97182934.0,13552.3,13545.7,13494.7,0.409333
2026-04-29 05:15,-11.9137,97182932.0,13533.3,13525.0,13483.3,0.406667
2026-04-29 05:30,-11.82,97182929.0,13523.0,13509.7,13458.0,0.408667
2026-04-29 05:45,-11.8637,97182926.0,13562.3,13546.7,13501.3,0.407667
2026-04-29 06:00,-11.8027,97182923.0,13542.0,13513.3,13479.7,0.409667
2026-04-29 06:15,-11.7213,97182920.0,13562.3,13546.0,13511.7,0.414333
2026-04-29 06:30,1.98667,97182921.0,13543.7,13526.0,13488.7,0.870667
2026-04-29 06:45,106.437,97182948.0,13544.3,13537.7,13491.3,3.66033
2026-04-29 07:00,227.192,97183006.0,13546.0,13527.7,13484.7,6.37067
2026-04-29 07:15,319.849,97183086.0,13534.3,13519.3,13469.0,8.58967
2026-04-29 07:30,416.572,97183192.0,13534.3,13517.0,13465.3,10.9267
2026-04-29 07:45,665.749,97183360.0,13576.0,13573.7,13510.3,16.95
2026-04-29 08:00,637.435,97183517.0,13606.0,13603.0,13544.0,16.244
2026-04-29 08:15,416.942,97183622.0,13596.0,13585.0,13540.7,10.884
2026-04-29 08:30,508.866,97183749.0,13597.7,13586.7,13533.0,13.1097
2026-04-29 08:45,997.645,97184008.0,13592.3,13578.3,13528.7,25.0367
2026-04-29 09:00,1866.2,97184475.0,13614.7,13602.3,13562.7,46.2513
2026-04-29 09:15,1611.72,97184878.0,13615.0,13600.0,13559.3,40.039
2026-04-29 09:30,2180.64,97185431.0,13619.0,13601.7,13565.0,53.922
2026-04-29 09:45,2825.27,97186132.0,13636.7,13630.7,13582.3,69.6263
2026-04-29 10:00,1403.97,97186476.0,13642.7,13621.3,13578.7,34.9277
2026-04-29 10:15,1305.46,97186806.0,13653.7,13618.0,13597.3,32.4577
2026-04-29 10:30,2665.73,97187479.0,13660.7,13622.3,13598.7,65.6433
2026-04-29 10:45,2498.13,97188107.0,13639.7,13602.3,13577.0,61.6347
2026-05-07 05:00,0.315333,97767976.0,13583.0,13581.0,13540.0,0.105333
2026-05-07 05:15,0.315,97767976.0,13573.7,13563.7,13525.0,0.102
2026-05-07 05:30,0.309667,97767976.0,13544.0,13530.7,13494.3,0.106333
2026-05-07 05:45,0.305,97767976.0,13507.0,13501.7,13446.7,0.103
2026-05-07 06:00,0.312333,97767977.0,13513.0,13516.3,13446.3,0.107
2026-05-07 06:15,0.314333,97767977.0,13521.0,13529.7,13461.7,0.108333
2026-05-07 06:30,0.323333,97767977.0,13552.3,13568.3,13500.0,0.106333
2026-05-07 06:45,0.331,97767977.0,13603.0,13611.7,13554.3,0.106667
2026-05-07 07:00,0.324,97767977.0,13603.3,13602.7,13556.0,0.108667
2026-05-07 07:15,0.322,97767977.0,13592.7,13591.0,13536.7,0.107
2026-05-07 07:30,-1.22633,97767977.0,13608.7,13608.7,13560.7,0.146
2026-05-07 07:45,463.988,97768100.0,13624.7,13621.7,13571.7,11.9943
2026-05-07 08:00,1672.01,97768529.0,13610.3,13589.0,13572.7,41.597
2026-05-07 08:15,1413.28,97768872.0,13603.3,13582.7,13554.3,35.2963
2026-05-07 08:30,736.522,97769056.0,13576.3,13557.0,13519.0,18.7533
2026-05-07 08:45,1182.41,97769359.0,13565.0,13545.7,13512.0,29.7133
2026-05-07 09:00,1617.2,97769764.0,13577.0,13560.7,13529.7,40.338
2026-05-07 09:15,1917.02,97770241.0,13580.7,13553.3,13529.7,47.6783
2026-05-07 09:30,1138.38,97770517.0,13581.3,13546.3,13516.0,28.6317
2026-05-07 09:45,565.917,97770656.0,13562.0,13533.7,13496.3,14.645
2026-05-07 10:00,484.312,97770781.0,13554.0,13524.3,13501.3,12.6877
2026-05-07 10:15,1398.9,97771146.0,13568.7,13544.3,13512.0,35.0107
2026-05-07 10:30,2041.68,97771646.0,13566.3,13546.0,13516.0,50.7787
2026-05-07 10:45,978.374,97771888.0,13568.0,13531.3,13516.7,24.723
2026-05-09 05:00,-11.989,97901789.0,13598.3,13599.3,13540.3,0.408333
2026-05-09 05:15,-11.9587,97901786.0,13584.7,13585.7,13529.7,0.407333
2026-05-09 05:30,-11.9417,97901783.0,13576.7,13575.7,13521.3,0.406667
2026-05-09 05:45,-11.9323,97901780.0,13578.3,13572.3,13525.3,0.409
2026-05-09 06:00,-11.771,97901777.0,13560.7,13560.0,13512.0,0.407333
2026-05-09 06:15,-11.6757,97901774.0,13565.3,13560.0,13510.0,0.406667
2026-05-09 06:30,19.988,97901780.0,13564.3,13557.3,13508.0,1.61
2026-05-09 06:45,113.231,97901811.0,13558.3,13552.3,13505.3,3.964
2026-05-09 07:00,323.578,97901891.0,13552.3,13541.0,13494.3,8.737
2026-05-09 07:15,384.918,97901990.0,13553.0,13538.0,13497.0,10.1977
2026-05-09 07:30,456.899,97902104.0,13543.0,13524.3,13486.0,11.934
2026-05-09 07:45,551.044,97902242.0,13527.3,13520.3,13484.0,14.2207
2026-05-09 08:00,685.51,97902415.0,13564.7,13559.3,13510.0,17.4677
2026-05-09 08:15,1085.09,97902690.0,13557.7,13550.3,13504.3,27.2813
2026-05-09 08:30,1653.48,97903107.0,13553.3,13553.7,13500.0,41.244
2026-05-09 08:45,1469.04,97903473.0,13546.7,13549.3,13482.7,36.7623
2026-05-09 09:00,1823.07,97903933.0,13563.3,13564.0,13501.3,45.3863
2026-05-09 09:15,2687.27,97904612.0,13567.3,13569.0,13504.7,66.6243
2026-05-09 09:30,4141.61,97905702.0,13549.3,13546.7,13494.0,102.484
2026-05-09 09:45,6455.34,97907320.0,13556.3,13548.0,13498.0,159.432
2026-05-09 10:00,7316.3,97909155.0,13575.0,13569.0,13517.0,180.415
2026-05-09 10:15,6207.71,97910648.0,13606.7,13604.3,13548.7,152.742
2026-05-09 10:30,5119.18,97911961.0,13681.0,13681.7,13624.0,125.427
2026-05-09 10:45,6545.93,97913576.0,13693.3,13688.7,13626.0,160.167
2026-05-10 05:00,-11.903,97942402.0,13555.3,13562.7,13503.0,0.408
2026-05-10 05:15,-11.883,97942399.0,13547.7,13553.0,13493.3,0.406333
2026-05-10 05:30,-11.8743,97942396.0,13545.0,13546.3,13484.7,0.407
2026-05-10 05:45,-11.8533,97942394.0,13535.3,13542.0,13480.3,0.408667
2026-05-10 06:00,-11.77,97942391.0,13549.3,13547.3,13492.7,0.408667
2026-05-10 06:15,-4.053,97942390.0,13557.0,13563.7,13503.7,0.703333
2026-05-10 06:30,145.802,97942428.0,13579.3,13583.0,13521.7,4.61033
2026-05-10 06:45,342.113,97942515.0,13576.3,13573.7,13513.3,9.14067
2026-05-10 07:00,681.534,97942691.0,13577.0,13570.7,13512.7,17.3603
2026-05-10 07:15,1683.27,97943126.0,13564.3,13562.7,13505.7,41.9617
2026-05-10 07:30,2829.21,97943830.0,13569.3,13562.7,13507.0,70.0903
2026-05-10 07:45,3441.08,97944687.0,13560.0,13553.3,13499.3,85.1607
2026-05-10 08:00,3625.25,97945643.0,13562.7,13550.7,13500.7,89.709
2026-05-10 08:15,8648.86,97947794.0,13566.3,13554.3,13507.0,213.392
2026-05-10 08:30,7457.61,97949670.0,13606.0,13604.7,13557.7,183.4
2026-05-10 08:45,8491.54,97951789.0,13630.3,13626.7,13579.7,208.428
2026-05-10 09:00,8811.35,97953982.0,13599.3,13596.7,13553.7,216.684
2026-05-10 09:15,7349.89,97955804.0,13574.7,13567.7,13517.0,181.188
2026-05-10 09:30,8566.03,97957969.0,13577.3,13573.7,13527.3,211.024
2026-05-10 09:45,8297.46,97960019.0,13586.0,13578.7,13537.7,204.354
2026-05-10 10:00,7841.25,97962003.0,13694.0,13687.7,13648.7,191.628
2026-05-10 10:15,9018.13,97964251.0,13583.3,13564.3,13528.0,222.221
2026-05-10 10:30,8000.55,97966239.0,13591.3,13577.0,13525.3,197.089
2026-05-10 10:45,8519.6,97968382.0,13571.0,13551.3,13512.0,210.121
2026-05-11 05:00,-11.949,98034928.0,13584.3,13599.0,13529.7,0.406667
2026-05-11 05:15,-11.9187,98034925.0,13569.7,13581.7,13519.7,0.406333
2026-05-11 05:30,-11.8857,98034922.0,13558.7,13565.3,13505.3,0.407333
2026-05-11 05:45,-11.786,98034919.0,13527.7,13533.7,13474.7,0.407667
2026-05-11 06:00,-10.6287,98034916.0,13513.3,13530.7,13454.0,0.424333
2026-05-11 06:15,47.5773,98034929.0,13547.3,13567.3,13485.3,2.36967
2026-05-11 06:30,213.389,98034984.0,13574.0,13597.3,13507.7,5.98433
2026-05-11 06:45,597.329,98035139.0,13554.7,13578.3,13493.3,15.2403
2026-05-11 07:00,1331.64,98035478.0,13557.0,13580.0,13499.7,33.253
2026-05-11 07:15,2110.97,98036013.0,13567.3,13576.0,13507.0,52.378
2026-05-11 07:30,2196.19,98036558.0,13545.3,13560.7,13490.0,54.5343
2026-05-11 07:45,2241.18,98037124.0,13526.0,13539.3,13474.0,55.7537
2026-05-11 08:00,2777.45,98037821.0,13530.7,13554.3,13490.0,68.9247
2026-05-11 08:15,3320.38,98038664.0,13549.7,13577.3,13504.7,82.1877
2026-05-11 08:30,2307.27,98039231.0,13647.7,13689.3,13607.0,56.9797
2026-05-11 08:45,4185.42,98040297.0,13608.3,13636.7,13572.0,103.072
2026-05-11 09:00,7491.59,98042178.0,13605.7,13629.7,13567.0,184.125
2026-05-11 09:15,6506.29,98043823.0,13596.3,13612.0,13553.0,160.12
2026-05-11 09:30,8076.97,98045823.0,13636.0,13652.0,13604.0,198.068
2026-05-11 09:45,2076.64,98046313.0,13590.3,13609.0,13556.0,51.5407
2026-05-11 10:00,2641.91,98046991.0,13583.7,13601.3,13543.3,65.414
2026-05-11 10:15,3222.25,98047780.0,13593.3,13618.0,13559.7,79.5733
2026-05-11 10:30,2421.7,98048413.0,13559.0,13580.7,13523.7,60.0873
2026-05-11 10:45,5292.43,98049776.0,13595.3,13614.7,13564.7,130.278
2026-05-12 05:00,-12.0653,98105572.0,13562.0,13586.7,13517.3,0.406333
2026-05-12 05:15,-12.0537,98105569.0,13553.0,13577.3,13513.7,0.404667
2026-05-12 05:30,-12.0263,98105566.0,13542.7,13557.0,13499.7,0.406333
2026-05-12 05:45,-11.944,98105563.0,13525.0,13537.7,13473.0,0.408667
2026-05-12 06:00,-2.81067,98105562.0,13525.0,13531.7,13468.3,0.891333
2026-05-12 06:15,35.593,98105572.0,13533.3,13537.7,13483.7,2.419
2026-05-12 06:30,161.416,98105613.0,13531.7,13532.3,13479.7,4.907
2026-05-12 06:45,308.608,98105692.0,13523.3,13529.0,13466.3,8.32133
2026-05-12 07:00,812.446,98105902.0,13523.7,13529.7,13477.3,20.598
2026-05-12 07:15,486.671,98106017.0,13525.7,13533.3,13477.3,12.2277
2026-05-12 07:30,0.309333,98106017.0,13512.3,13525.0,13460.3,0.107667
2026-05-12 07:45,0.309,98106017.0,13510.3,13519.0,13459.0,0.105333
2026-05-12 08:00,1012.03,98106295.0,13539.3,13552.3,13488.0,25.453
2026-05-12 08:15,2727.65,98106974.0,13552.3,13561.7,13497.7,67.5783
2026-05-12 08:30,2872.67,98107716.0,13557.3,13572.0,13504.7,71.1093
2026-05-12 08:45,2927.31,98108434.0,13547.3,13567.7,13496.0,72.4997
2026-05-12 09:00,3584.81,98109328.0,13543.7,13575.0,13511.3,88.6433
2026-05-12 09:15,3189.35,98110124.0,13536.3,13557.7,13499.0,78.9863
2026-05-12 09:30,6346.74,98111709.0,13544.0,13562.0,13516.7,156.636
2026-05-12 09:45,5961.84,98113226.0,13674.3,13700.3,13662.0,145.718
2026-05-12 10:00,6318.99,98114844.0,13677.0,13706.3,13672.3,154.384
2026-05-12 10:15,9496.47,98117212.0,13684.0,13703.7,13670.0,231.778
2026-05-12 10:30,9570.73,98119605.0,13558.0,13577.7,13544.7,235.778
2026-05-12 10:45,9854.39,98122069.0,13561.3,13579.0,13557.0,242.705
